Street,Between
Watson Avenue,Between St Marks Road and St Johns Road
Watson Avenue,Between St Marks Road and a point 100 metres north
Watson Avenue,Between St Marks Road and 100 metres north of St Johns Road
North Queen Street,Between Shorncliffe Road and Kipling Ave
Watson Avenue,Between St Marks Road and St Johns Road
Watson Avenue,Between St Marks Road and a point 100 metres north
Watson Avenue,Between St Marks Road and 100 metres north of St Johns Road
North Queen Street,Between Shorncliffe Road and Kipling Ave
Watson Avenue,Between St Marks Road and St Johns Road
Watson Avenue,Between St Marks Road and St Johns Road
Watson Avenue,Between St Marks Road and a point 100 metres north
Watson Avenue,Between St Marks Road and 100 metres north of St Johns Road
North Queen Street,Between Shorncliffe Road and Kipling Ave
Watson Avenue,Between St Marks Road and St Johns Road
Watson Avenue,Between St Marks Road and a point 100 metres north
Watson Avenue,Between St Marks Road and 100 metres north of St Johns Road
North Queen Street,Between Shorncliffe Road and Kipling Ave
Watson Avenue,Between St Marks Road and St Johns Road
Watson Avenue,Between St Marks Road and St Johns Road
Watson Avenue,Between St Marks Road and a point 100 metres north
Watson Avenue,Between St Marks Road and 100 metres north of St Johns Road
North Queen Street,Between Shorncliffe Road and Kipling Ave
Watson Avenue,Between St Marks Road and St Johns Road
Watson Avenue,Between St Marks Road and a point 100 metres north
Watson Avenue,Between St Marks Road and 100 metres north of St Johns Road
North Queen Street,Between Shorncliffe Road and Kipling Ave
Watson Avenue,Between St Marks Road and St Johns Road
Watson Avenue,Between St Marks Road and St Johns Road
Watson Avenue,Between St Marks Road and a point 100 metres north
Watson Avenue,Between St Marks Road and 100 metres north of St Johns Road
North Queen Street,Between Shorncliffe Road and Kipling Ave
Watson Avenue,Between St Marks Road and St Johns Road
Watson Avenue,Between St Marks Road and a point 100 metres north
Watson Avenue,Between St Marks Road and 100 metres north of St Johns Road
North Queen Street,Between Shorncliffe Road and Kipling Ave
Watson Avenue,Between St Marks Road and St Johns Road
Watson Avenue,Between St Marks Road and St Johns Road
Watson Avenue,Between St Marks Road and a point 100 metres north
Watson Avenue,Between St Marks Road and 100 metres north of St Johns Road
North Queen Street,Between Shorncliffe Road and Kipling Ave
Watson Avenue,Between St Marks Road and St Johns Road
Watson Avenue,Between St Marks Road and a point 100 metres north
Watson Avenue,Between St Marks Road and 100 metres north of St Johns Road
North Queen Street,Between Shorncliffe Road and Kipling Ave
Watson Avenue,Between St Marks Road and St Johns Road
Watson Avenue,Between St Marks Road and St Johns Road
Watson Avenue,Between St Marks Road and a point 100 metres north
Watson Avenue,Between St Marks Road and 100 metres north of St Johns Road
North Queen Street,Between Shorncliffe Road and Kipling Ave
Watson Avenue,Between St Marks Road and St Johns Road
Watson Avenue,Between St Marks Road and a point 100 metres north
Watson Avenue,Between St Marks Road and 100 metres north of St Johns Road
North Queen Street,Between Shorncliffe Road and Kipling Ave
Watson Avenue,Between St Marks Road and St Johns Road
Watson Avenue,Between St Marks Road and St Johns Road
Watson Avenue,Between St Marks Road and a point 100 metres north
Watson Avenue,Between St Marks Road and 100 metres north of St Johns Road
North Queen Street,Between Shorncliffe Road and Kipling Ave
Watson Avenue,Between St Marks Road and St Johns Road
Watson Avenue,Between St Marks Road and a point 100 metres north
Watson Avenue,Between St Marks Road and 100 metres north of St Johns Road
North Queen Street,Between Shorncliffe Road and Kipling Ave
Watson Avenue,Between St Marks Road and St Johns Road
Watson Avenue,Between St Marks Road and St Johns Road
Watson Avenue,Between St Marks Road and a point 100 metres north
Watson Avenue,Between St Marks Road and 100 metres north of St Johns Road
North Queen Street,Between Shorncliffe Road and Kipling Ave
Watson Avenue,Between St Marks Road and St Johns Road
Watson Avenue,Between St Marks Road and a point 100 metres north
Watson Avenue,Between St Marks Road and 100 metres north of St Johns Road
North Queen Street,Between Shorncliffe Road and Kipling Ave
Watson Avenue,Between St Marks Road and St Johns Road
Watson Avenue,Between St Marks Road and St Johns Road
Watson Avenue,Between St Marks Road and a point 100 metres north
Watson Avenue,Between St Marks Road and 100 metres north of St Johns Road
North Queen Street,Between Shorncliffe Road and Kipling Ave
Watson Avenue,Between St Marks Road and St Johns Road
Watson Avenue,Between St Marks Road and a point 100 metres north
Watson Avenue,Between St Marks Road and 100 metres north of St Johns Road
North Queen Street,Between Shorncliffe Road and Kipling Ave
Watson Avenue,Between St Marks Road and St Johns Road
Watson Avenue,Between St Marks Road and St Johns Road
Watson Avenue,Between St Marks Road and a point 100 metres north
Watson Avenue,Between St Marks Road and 100 metres north of St Johns Road
North Queen Street,Between Shorncliffe Road and Kipling Ave
Watson Avenue,Between St Marks Road and St Johns Road
Watson Avenue,Between St Marks Road and a point 100 metres north
Watson Avenue,Between St Marks Road and 100 metres north of St Johns Road
North Queen Street,Between Shorncliffe Road and Kipling Ave
Watson Avenue,Between St Marks Road and St Johns Road
Watson Avenue,Between St Marks Road and St Johns Road
Watson Avenue,Between St Marks Road and a point 100 metres north
Watson Avenue,Between St Marks Road and 100 metres north of St Johns Road
North Queen Street,Between Shorncliffe Road and Kipling Ave
Watson Avenue,Between St Marks Road and St Johns Road
Watson Avenue,Between St Marks Road and a point 100 metres north
Watson Avenue,Between St Marks Road and 100 metres north of St Johns Road
North Queen Street,Between Shorncliffe Road and Kipling Ave
Watson Avenue,Between St Marks Road and St Johns Road
Watson Avenue,Between St Marks Road and St Johns Road
Watson Avenue,Between St Marks Road and a point 100 metres north
Watson Avenue,Between St Marks Road and 100 metres north of St Johns Road
North Queen Street,Between Shorncliffe Road and Kipling Ave
Watson Avenue,Between St Marks Road and St Johns Road
Watson Avenue,Between St Marks Road and a point 100 metres north
Watson Avenue,Between St Marks Road and 100 metres north of St Johns Road
North Queen Street,Between Shorncliffe Road and Kipling Ave
Watson Avenue,Between St Marks Road and St Johns Road
Watson Avenue,Between St Marks Road and St Johns Road
Watson Avenue,Between St Marks Road and a point 100 metres north
Watson Avenue,Between St Marks Road and 100 metres north of St Johns Road
North Queen Street,Between Shorncliffe Road and Kipling Ave
Watson Avenue,Between St Marks Road and St Johns Road
Watson Avenue,Between St Marks Road and a point 100 metres north
Watson Avenue,Between St Marks Road and 100 metres north of St Johns Road
North Queen Street,Between Shorncliffe Road and Kipling Ave
Watson Avenue,Between St Marks Road and St Johns Road
Watson Avenue,Between St Marks Road and St Johns Road
Watson Avenue,Between St Marks Road and a point 100 metres north
Watson Avenue,Between St Marks Road and 100 metres north of St Johns Road
North Queen Street,Between Shorncliffe Road and Kipling Ave
Watson Avenue,Between St Marks Road and St Johns Road
Watson Avenue,Between St Marks Road and a point 100 metres north
Watson Avenue,Between St Marks Road and 100 metres north of St Johns Road
North Queen Street,Between Shorncliffe Road and Kipling Ave
Watson Avenue,Between St Marks Road and St Johns Road
Watson Avenue,Between St Marks Road and St Johns Road
Watson Avenue,Between St Marks Road and a point 100 metres north
Watson Avenue,Between St Marks Road and 100 metres north of St Johns Road
North Queen Street,Between Shorncliffe Road and Kipling Ave
Watson Avenue,Between St Marks Road and St Johns Road
Watson Avenue,Between St Marks Road and a point 100 metres north
Watson Avenue,Between St Marks Road and 100 metres north of St Johns Road
North Queen Street,Between Shorncliffe Road and Kipling Ave
Watson Avenue,Between St Marks Road and St Johns Road
Watson Avenue,Between St Marks Road and St Johns Road
Watson Avenue,Between St Marks Road and a point 100 metres north
Watson Avenue,Between St Marks Road and 100 metres north of St Johns Road
North Queen Street,Between Shorncliffe Road and Kipling Ave
Watson Avenue,Between St Marks Road and St Johns Road
Watson Avenue,Between St Marks Road and a point 100 metres north
Watson Avenue,Between St Marks Road and 100 metres north of St Johns Road
North Queen Street,Between Shorncliffe Road and Kipling Ave
Watson Avenue,Between St Marks Road and St Johns Road
Watson Avenue,Between St Marks Road and St Johns Road
Watson Avenue,Between St Marks Road and a point 100 metres north
Watson Avenue,Between St Marks Road and 100 metres north of St Johns Road
North Queen Street,Between Shorncliffe Road and Kipling Ave
Watson Avenue,Between St Marks Road and St Johns Road
Watson Avenue,Between St Marks Road and a point 100 metres north
Watson Avenue,Between St Marks Road and 100 metres north of St Johns Road
North Queen Street,Between Shorncliffe Road and Kipling Ave
Watson Avenue,Between St Marks Road and St Johns Road
Watson Avenue,Between St Marks Road and St Johns Road
Watson Avenue,Between St Marks Road and a point 100 metres north
Watson Avenue,Between St Marks Road and 100 metres north of St Johns Road
North Queen Street,Between Shorncliffe Road and Kipling Ave
Watson Avenue,Between St Marks Road and St Johns Road
Watson Avenue,Between St Marks Road and a point 100 metres north
Watson Avenue,Between St Marks Road and 100 metres north of St Johns Road
North Queen Street,Between Shorncliffe Road and Kipling Ave
Watson Avenue,Between St Marks Road and St Johns Road
